0,male,1
1,female,1
2,male,1
3,female,1
4,female,1
5,female,1
6,female,1
7,female,1
8,male,1
9,female,1
10,male,1
11,male,1
12,male,1
13,female,1
14,male,1
15,male,1
16,female,1
17,female,1
18,male,1
19,female,1
20,male,1
21,female,1
22,female,1
23,female,1
24,male,1
25,male,1
26,male,1
27,female,1
28,male,1
29,female,1
30,female,1
31,male,1
32,male,1
33,female,1
34,male,1
35,female,1
36,male,1
37,female,1
38,male,1
39,male,1
40,male,1
41,male,1
42,female,1
43,male,1
44,male,1
45,male,1
46,male,1
47,female,1
48,male,1
49,male,1
50,male,1
51,male,1
52,female,1
53,male,1
54,female,1
55,male,1
56,female,1
57,male,1
58,male,1
59,male,1
60,male,1
61,female,1
62,male,1
63,female,1
64,female,1
65,male,1
66,male,1
67,male,1
68,female,1
69,male,1
70,male,1
71,male,1
72,female,1
73,female,1
74,male,1
75,female,1
76,female,1
77,male,1
78,male,1
79,male,1
80,male,1
81,male,1
82,male,1
83,male,1
84,male,1
85,female,1
86,male,1
87,female,1
88,male,1
89,male,1
90,male,1
91,female,1
92,male,1
93,male,1
94,male,1
95,male,1
96,female,1
97,male,1
98,female,1
99,male,1
100,female,1
101,male,1
102,female,1
103,female,1
104,female,1
105,male,1
106,male,1
107,male,1
108,female,1
109,female,1
110,male,1
111,male,1
112,male,1
113,female,1
114,female,1
115,male,1
116,female,1
117,female,1
118,female,1
119,male,1
120,female,1
121,female,1
122,female,1
123,female,1
124,male,1
125,female,1
126,female,1
127,male,1
128,male,1
129,female,1
130,female,1
131,male,1
132,male,1
133,male,1
134,male,1
135,male,1
136,female,1
137,female,1
138,male,1
139,female,1
140,male,1
141,female,1
142,female,1
143,male,1
144,female,1
145,female,1
146,male,1
147,male,1
148,female,1
149,female,1
150,male,1
151,male,1
152,male,1
153,female,1
154,female,1
155,female,1
156,female,1
157,female,1
158,female,1
159,male,1
160,male,1
161,male,1
162,female,1
163,male,1
164,male,1
165,female,1
166,male,1
167,male,1
168,female,1
169,male,1
170,female,1
171,female,1
172,female,1
173,female,1
174,female,1
175,male,1
176,female,1
177,female,1
178,male,1
179,female,1
180,male,1
181,female,1
182,male,1
183,female,1
184,female,1
185,male,1
186,female,1
187,female,1
188,female,1
189,male,1
190,male,1
191,female,1
192,female,1
193,female,1
194,male,1
195,male,1
196,male,1
197,male,1
198,male,1
199,male,1
200,male,1
201,female,1
202,male,1
203,female,1
204,female,1
205,male,1
206,female,1
207,female,1
208,male,1
209,male,1
210,male,1
211,male,1
212,male,1
213,male,1
214,male,1
215,male,1
216,female,1
217,male,1
218,male,1
219,female,1
220,male,1
221,female,1
222,male,1
223,male,1
224,male,1
225,male,1
226,male,1
227,female,1
228,female,1
229,male,1
230,male,1
231,female,1
232,female,1
233,male,1
234,male,1
235,male,1
236,female,1
237,male,1
238,male,1
239,female,1
240,male,1
241,female,1
242,male,1
243,female,1
244,male,1
245,female,1
246,male,1
247,female,1
248,male,1
249,male,1
250,male,1
251,female,1
252,male,1
253,male,1
254,female,1
255,female,1
256,female,1
257,female,1
258,female,1
259,male,1
260,female,1
261,female,1
262,male,1
263,male,1
264,female,1
265,female,1
266,male,1
267,female,1
268,female,1
269,male,1
270,female,1
271,male,1
272,male,1
273,female,1
274,female,1
275,female,1
276,female,1
277,female,1
278,male,1
279,male,1
280,female,1
281,female,1
282,male,1
283,male,1
284,male,1
285,female,1
286,male,1
287,female,1
288,male,1
289,male,1
290,female,1
291,female,1
292,female,1
293,male,1
294,male,1
295,male,1
296,female,1
297,male,1
298,female,1
299,male,1
300,male,1
301,male,1
302,female,1
303,male,1
304,female,1
305,female,1
306,male,1
307,female,1
308,male,1
309,male,1
310,female,1
311,female,1
312,male,1
313,female,1
314,female,1
315,male,1
316,female,1
317,male,1
318,male,1
319,female,1
320,male,1
321,female,1
322,male,1
323,female,1
324,male,1
325,female,1
326,female,1
327,female,1
328,female,1
329,male,1
330,female,1
331,female,1
332,female,1
333,male,1
334,male,1
335,female,1
336,male,1
337,female,1
338,female,1
339,male,1
340,male,1
341,female,1
342,male,1
343,male,1
344,female,1
345,female,1
346,male,1
347,male,1
348,male,1
349,male,1
350,female,1
351,male,1
352,female,1
353,male,1
354,male,1
355,female,1
356,male,1
357,male,1
358,female,1
359,female,1
360,male,1
361,female,1
362,male,1
363,female,1
364,male,1
365,male,1
366,male,1
367,female,1
368,male,1
369,female,1
370,male,1
371,female,1
372,female,1
373,female,1
374,male,1
375,female,1
376,female,1
377,male,1
378,female,1
379,female,1
380,female,1
381,male,1
382,female,1
383,female,1
384,male,1
385,male,1
386,female,1
387,female,1
388,male,1
389,female,1
390,male,1
391,female,1
392,female,1
393,female,1
394,male,1
395,male,1
396,male,1
397,female,1
398,male,1
399,male,1
400,female,1
401,female,1
402,male,1
403,female,1
404,female,1
405,male,1
406,female,1
407,male,1
408,male,1
409,male,1
410,female,1
411,male,1
412,male,1
413,male,1
414,female,1
415,female,1
416,male,1
417,male,1
418,male,1
419,male,1
420,female,1
421,female,1
422,male,1
423,female,1
424,male,1
425,female,1
426,male,1
427,male,1
428,female,1
429,male,1
430,male,1
431,female,1
432,male,1
433,female,1
434,male,1
435,male,1
436,female,1
437,male,1
438,female,1
439,male,1
440,female,1
441,male,1
442,male,1
443,male,1
444,male,1
445,male,1
446,female,1
447,male,1
448,male,1
449,female,1
450,female,1
451,female,1
452,female,1
453,male,1
454,male,1
455,female,1
456,male,1
457,female,1
458,female,1
459,male,1
460,female,1
461,male,1
462,female,1
463,male,1
464,male,1
465,female,1
466,male,1
467,female,1
468,male,1
469,male,1
470,male,1
471,male,1
472,male,1
473,female,1
474,female,1
475,male,1
476,male,1
477,female,1
478,female,1
479,female,1
480,female,1
481,male,1
482,male,1
483,female,1
484,female,1
485,female,1
486,female,1
487,male,1
488,male,1
489,male,1
490,male,1
491,female,1
492,female,1
493,female,1
494,female,1
495,male,1
496,male,1
497,female,1
498,female,1
499,female,1
